{
  "C": 2.6796659869336183,
  "fit_intercept": 0.0,
  "max_iter": 109.0,
  "solver": 0.0,
  "tol": 4.325888364304823e-05,
  "warm_start": 1.0
}