{
  "C": 2.35842968178011,
  "fit_intercept": 0.0,
  "max_iter": 898.0,
  "solver": 2.0,
  "tol": 5.576281255921629e-05,
  "warm_start": 1.0
}